"/home/build/huzhaoyang/PaddleClas/README_cn.md,/home/build/huzhaoyang/PaddleClas/configs/DeiT/DeiT_base_distilled_patch16_224.yaml,https://paddle-imagenet-models-name.bj.bcebos.com/dygraph/DeiT_base_distilled_patch16_224_pretrained.pdparams",op mapper failed,311.27,151.68,NONE,NONE
"/home/build/huzhaoyang/PaddleClas/README_cn.md,/home/build/huzhaoyang/PaddleClas/configs/DeiT/DeiT_base_distilled_patch16_384.yaml,https://paddle-imagenet-models-name.bj.bcebos.com/dygraph/DeiT_base_distilled_patch16_384_pretrained.pdparams",op mapper failed,NONE,NONE,NONE,NONE
"/home/build/huzhaoyang/PaddleClas/README_cn.md,/home/build/huzhaoyang/PaddleClas/configs/DeiT/DeiT_base_patch16_224.yaml,https://paddle-imagenet-models-name.bj.bcebos.com/dygraph/DeiT_base_patch16_224_pretrained.pdparams",op mapper failed,244.36,137.91,NONE,NONE
"/home/build/huzhaoyang/PaddleClas/README_cn.md,/home/build/huzhaoyang/PaddleClas/configs/DeiT/DeiT_base_patch16_384.yaml,https://paddle-imagenet-models-name.bj.bcebos.com/dygraph/DeiT_base_patch16_384_pretrained.pdparams",op mapper failed,NONE,NONE,NONE,NONE
"/home/build/huzhaoyang/PaddleClas/README_cn.md,/home/build/huzhaoyang/PaddleClas/configs/DeiT/DeiT_small_distilled_patch16_224.yaml,https://paddle-imagenet-models-name.bj.bcebos.com/dygraph/DeiT_small_distilled_patch16_224_pretrained.pdparams",op mapper failed,75.83,64.24,NONE,NONE
"/home/build/huzhaoyang/PaddleClas/README_cn.md,/home/build/huzhaoyang/PaddleClas/configs/DeiT/DeiT_small_patch16_224.yaml,https://paddle-imagenet-models-name.bj.bcebos.com/dygraph/DeiT_small_patch16_224_pretrained.pdparams",op mapper failed,96.27,67.45,NONE,NONE
"/home/build/huzhaoyang/PaddleClas/README_cn.md,/home/build/huzhaoyang/PaddleClas/configs/DeiT/DeiT_tiny_distilled_patch16_224.yaml,https://paddle-imagenet-models-name.bj.bcebos.com/dygraph/DeiT_tiny_distilled_patch16_224_pretrained.pdparams",op mapper failed,31.08,21.13,NONE,NONE
"/home/build/huzhaoyang/PaddleClas/README_cn.md,/home/build/huzhaoyang/PaddleClas/configs/DeiT/DeiT_tiny_patch16_224.yaml,https://paddle-imagenet-models-name.bj.bcebos.com/dygraph/DeiT_tiny_patch16_224_pretrained.pdparams",op mapper failed,29.41,20.38,NONE,NONE
"/home/build/huzhaoyang/PaddleClas/README_cn.md,/home/build/huzhaoyang/PaddleClas/configs/RepVGG/RepVGG_A0.yaml,https://paddle-imagenet-models-name.bj.bcebos.com/dygraph/RepVGG_A0_pretrained.pdparams",infer accuracy pass,17.80,7.72,6.91,3.71
"/home/build/huzhaoyang/PaddleClas/README_cn.md,/home/build/huzhaoyang/PaddleClas/configs/RepVGG/RepVGG_A1.yaml,https://paddle-imagenet-models-name.bj.bcebos.com/dygraph/RepVGG_A1_pretrained.pdparams",infer accuracy pass,45.76,22.43,8.67,5.18
"/home/build/huzhaoyang/PaddleClas/README_cn.md,/home/build/huzhaoyang/PaddleClas/configs/RepVGG/RepVGG_A2.yaml,https://paddle-imagenet-models-name.bj.bcebos.com/dygraph/RepVGG_A2_pretrained.pdparams",infer accuracy pass,54.37,32.44,13.90,7.08
"/home/build/huzhaoyang/PaddleClas/README_cn.md,/home/build/huzhaoyang/PaddleClas/configs/RepVGG/RepVGG_B0.yaml,https://paddle-imagenet-models-name.bj.bcebos.com/dygraph/RepVGG_B0_pretrained.pdparams",infer accuracy pass,28.69,17.57,9.83,6.95
"/home/build/huzhaoyang/PaddleClas/README_cn.md,/home/build/huzhaoyang/PaddleClas/configs/RepVGG/RepVGG_B1.yaml,https://paddle-imagenet-models-name.bj.bcebos.com/dygraph/RepVGG_B1_pretrained.pdparams",infer accuracy pass,100.89,69.30,23.21,14.62
"/home/build/huzhaoyang/PaddleClas/README_cn.md,/home/build/huzhaoyang/PaddleClas/configs/RepVGG/RepVGG_B1g2.yaml,https://paddle-imagenet-models-name.bj.bcebos.com/dygraph/RepVGG_B1g2_pretrained.pdparams",infer accuracy pass,83.37,56.12,18.50,14.12
"/home/build/huzhaoyang/PaddleClas/README_cn.md,/home/build/huzhaoyang/PaddleClas/configs/RepVGG/RepVGG_B1g4.yaml,https://paddle-imagenet-models-name.bj.bcebos.com/dygraph/RepVGG_B1g4_pretrained.pdparams",infer accuracy pass,64.19,46.28,13.06,9.36
"/home/build/huzhaoyang/PaddleClas/README_cn.md,/home/build/huzhaoyang/PaddleClas/configs/RepVGG/RepVGG_B2.yaml,https://paddle-imagenet-models-name.bj.bcebos.com/dygraph/RepVGG_B2_pretrained.pdparams",infer accuracy pass,159.68,87.07,26.33,20.07
"/home/build/huzhaoyang/PaddleClas/README_cn.md,/home/build/huzhaoyang/PaddleClas/configs/RepVGG/RepVGG_B2g4.yaml,https://paddle-imagenet-models-name.bj.bcebos.com/dygraph/RepVGG_B2g4_pretrained.pdparams",infer accuracy pass,98.77,68.17,23.04,13.20
"/home/build/huzhaoyang/PaddleClas/README_cn.md,/home/build/huzhaoyang/PaddleClas/configs/RepVGG/RepVGG_B3g4.yaml,https://paddle-imagenet-models-name.bj.bcebos.com/dygraph/RepVGG_B3g4_pretrained.pdparams",infer accuracy pass,152.55,78.63,21.52,17.15
"/home/build/huzhaoyang/PaddleClas/README_cn.md,/home/build/huzhaoyang/PaddleClas/configs/VisionTransformer/ViT_base_patch16_224.yaml,https://paddle-imagenet-models-name.bj.bcebos.com/dygraph/ViT_base_patch16_224_pretrained.pdparams",op mapper failed,267.62,182.19,NONE,NONE
"/home/build/huzhaoyang/PaddleClas/README_cn.md,/home/build/huzhaoyang/PaddleClas/configs/VisionTransformer/ViT_base_patch16_384.yaml,https://paddle-imagenet-models-name.bj.bcebos.com/dygraph/ViT_base_patch16_384_pretrained.pdparams",op mapper failed,NONE,NONE,NONE,NONE
"/home/build/huzhaoyang/PaddleClas/README_cn.md,/home/build/huzhaoyang/PaddleClas/configs/VisionTransformer/ViT_base_patch32_384.yaml,https://paddle-imagenet-models-name.bj.bcebos.com/dygraph/ViT_base_patch32_384_pretrained.pdparams",op mapper failed,NONE,NONE,NONE,NONE
"/home/build/huzhaoyang/PaddleClas/README_cn.md,/home/build/huzhaoyang/PaddleClas/configs/VisionTransformer/ViT_large_patch16_224.yaml,https://paddle-imagenet-models-name.bj.bcebos.com/dygraph/ViT_large_patch16_224_pretrained.pdparams",op mapper failed,712.39,547.81,NONE,NONE
"/home/build/huzhaoyang/PaddleClas/README_cn.md,/home/build/huzhaoyang/PaddleClas/configs/VisionTransformer/ViT_large_patch16_384.yaml,https://paddle-imagenet-models-name.bj.bcebos.com/dygraph/ViT_large_patch16_384_pretrained.pdparams",op mapper failed,NONE,NONE,NONE,NONE
"/home/build/huzhaoyang/PaddleClas/README_cn.md,/home/build/huzhaoyang/PaddleClas/configs/VisionTransformer/ViT_large_patch32_384.yaml,https://paddle-imagenet-models-name.bj.bcebos.com/dygraph/ViT_large_patch32_384_pretrained.pdparams",op mapper failed,NONE,NONE,NONE,NONE
"/home/build/huzhaoyang/PaddleClas/README_cn.md,/home/build/huzhaoyang/PaddleClas/configs/VisionTransformer/ViT_small_patch16_224.yaml,https://paddle-imagenet-models-name.bj.bcebos.com/dygraph/ViT_small_patch16_224_pretrained.pdparams",op mapper failed,141.65,91.47,NONE,NONE
"/home/build/huzhaoyang/PaddleClas/docs/zh_CN/models/models_intro.md,/home/build/huzhaoyang/PaddleClas/configs/AlexNet/AlexNet.yaml,https://paddle-imagenet-models-name.bj.bcebos.com/dygraph/AlexNet_pretrained.pdparams",infer accuracy pass,21.60,12.19,46.68,7.50
"/home/build/huzhaoyang/PaddleClas/docs/zh_CN/models/models_intro.md,/home/build/huzhaoyang/PaddleClas/configs/DPN/DPN107.yaml,https://paddle-imagenet-models-name.bj.bcebos.com/dygraph/DPN107_pretrained.pdparams",infer accuracy pass,359.03,199.07,362.43,271.82
"/home/build/huzhaoyang/PaddleClas/docs/zh_CN/models/models_intro.md,/home/build/huzhaoyang/PaddleClas/configs/DPN/DPN131.yaml,https://paddle-imagenet-models-name.bj.bcebos.com/dygraph/DPN131_pretrained.pdparams",infer accuracy pass,341.48,157.80,242.84,184.48
"/home/build/huzhaoyang/PaddleClas/docs/zh_CN/models/models_intro.md,/home/build/huzhaoyang/PaddleClas/configs/DPN/DPN68.yaml,https://paddle-imagenet-models-name.bj.bcebos.com/dygraph/DPN68_pretrained.pdparams",infer accuracy pass,68.26,37.23,57.72,16.36
"/home/build/huzhaoyang/PaddleClas/docs/zh_CN/models/models_intro.md,/home/build/huzhaoyang/PaddleClas/configs/DPN/DPN92.yaml,https://paddle-imagenet-models-name.bj.bcebos.com/dygraph/DPN92_pretrained.pdparams",infer accuracy pass,178.36,88.39,164.65,122.77
"/home/build/huzhaoyang/PaddleClas/docs/zh_CN/models/models_intro.md,/home/build/huzhaoyang/PaddleClas/configs/DPN/DPN98.yaml,https://paddle-imagenet-models-name.bj.bcebos.com/dygraph/DPN98_pretrained.pdparams",infer accuracy pass,210.77,122.55,161.88,122.98
"/home/build/huzhaoyang/PaddleClas/docs/zh_CN/models/models_intro.md,/home/build/huzhaoyang/PaddleClas/configs/DarkNet/DarkNet53.yaml,https://paddle-imagenet-models-name.bj.bcebos.com/dygraph/DarkNet53_pretrained.pdparams",infer accuracy pass,81.27,48.86,365.29,333.19
"/home/build/huzhaoyang/PaddleClas/docs/zh_CN/models/models_intro.md,/home/build/huzhaoyang/PaddleClas/configs/DenseNet/DenseNet121.yaml,https://paddle-imagenet-models-name.bj.bcebos.com/dygraph/DenseNet121_pretrained.pdparams",infer accuracy pass,74.09,30.75,19.81,12.04
"/home/build/huzhaoyang/PaddleClas/docs/zh_CN/models/models_intro.md,/home/build/huzhaoyang/PaddleClas/configs/DenseNet/DenseNet161.yaml,https://paddle-imagenet-models-name.bj.bcebos.com/dygraph/DenseNet161_pretrained.pdparams",infer accuracy pass,156.58,61.06,40.46,27.81
"/home/build/huzhaoyang/PaddleClas/docs/zh_CN/models/models_intro.md,/home/build/huzhaoyang/PaddleClas/configs/DenseNet/DenseNet169.yaml,https://paddle-imagenet-models-name.bj.bcebos.com/dygraph/DenseNet169_pretrained.pdparams",infer accuracy pass,80.05,38.76,22.90,14.32
"/home/build/huzhaoyang/PaddleClas/docs/zh_CN/models/models_intro.md,/home/build/huzhaoyang/PaddleClas/configs/DenseNet/DenseNet201.yaml,https://paddle-imagenet-models-name.bj.bcebos.com/dygraph/DenseNet201_pretrained.pdparams",infer accuracy pass,107.20,49.92,25.83,20.66
"/home/build/huzhaoyang/PaddleClas/docs/zh_CN/models/models_intro.md,/home/build/huzhaoyang/PaddleClas/configs/DenseNet/DenseNet264.yaml,https://paddle-imagenet-models-name.bj.bcebos.com/dygraph/DenseNet264_pretrained.pdparams",infer accuracy pass,163.61,63.74,38.45,30.39
"/home/build/huzhaoyang/PaddleClas/docs/zh_CN/models/models_intro.md,/home/build/huzhaoyang/PaddleClas/configs/EfficientNet/EfficientNetB0.yaml,https://paddle-imagenet-models-name.bj.bcebos.com/dygraph/EfficientNetB0_pretrained.pdparams",op mapper failed,62.93,28.50,NONE,NONE
"/home/build/huzhaoyang/PaddleClas/docs/zh_CN/models/models_intro.md,/home/build/huzhaoyang/PaddleClas/configs/GhostNet/GhostNet_x0_5.yaml,https://paddle-imagenet-models-name.bj.bcebos.com/dygraph/GhostNet_x0_5_pretrained.pdparams",infer accuracy pass,45.36,15.83,12.35,5.72
"/home/build/huzhaoyang/PaddleClas/docs/zh_CN/models/models_intro.md,/home/build/huzhaoyang/PaddleClas/configs/GhostNet/GhostNet_x1_0.yaml,https://paddle-imagenet-models-name.bj.bcebos.com/dygraph/GhostNet_x1_0_pretrained.pdparams",infer accuracy pass,53.95,25.13,12.33,7.54
"/home/build/huzhaoyang/PaddleClas/docs/zh_CN/models/models_intro.md,/home/build/huzhaoyang/PaddleClas/configs/GhostNet/GhostNet_x1_3.yaml,https://paddle-imagenet-models-name.bj.bcebos.com/dygraph/GhostNet_x1_3_pretrained.pdparams",infer accuracy pass,66.22,33.05,11.80,7.00
"/home/build/huzhaoyang/PaddleClas/docs/zh_CN/models/models_intro.md,/home/build/huzhaoyang/PaddleClas/configs/HRNet/HRNet_W18_C.yaml,https://paddle-imagenet-models-name.bj.bcebos.com/dygraph/HRNet_W18_C_pretrained.pdparams",infer accuracy pass,130.21,54.45,23.34,18.17
"/home/build/huzhaoyang/PaddleClas/docs/zh_CN/models/models_intro.md,/home/build/huzhaoyang/PaddleClas/configs/HRNet/HRNet_W30_C.yaml,https://paddle-imagenet-models-name.bj.bcebos.com/dygraph/HRNet_W30_C_pretrained.pdparams",infer accuracy pass,167.05,65.54,26.39,23.42
"/home/build/huzhaoyang/PaddleClas/docs/zh_CN/models/models_intro.md,/home/build/huzhaoyang/PaddleClas/configs/HRNet/HRNet_W32_C.yaml,https://paddle-imagenet-models-name.bj.bcebos.com/dygraph/HRNet_W32_C_pretrained.pdparams",infer accuracy pass,142.64,64.64,27.15,24.06
"/home/build/huzhaoyang/PaddleClas/docs/zh_CN/models/models_intro.md,/home/build/huzhaoyang/PaddleClas/configs/HRNet/HRNet_W40_C.yaml,https://paddle-imagenet-models-name.bj.bcebos.com/dygraph/HRNet_W40_C_pretrained.pdparams",infer accuracy pass,202.82,87.40,33.90,30.66
"/home/build/huzhaoyang/PaddleClas/docs/zh_CN/models/models_intro.md,/home/build/huzhaoyang/PaddleClas/configs/HRNet/HRNet_W44_C.yaml,https://paddle-imagenet-models-name.bj.bcebos.com/dygraph/HRNet_W44_C_pretrained.pdparams",infer accuracy pass,243.32,103.84,38.41,36.29
"/home/build/huzhaoyang/PaddleClas/docs/zh_CN/models/models_intro.md,/home/build/huzhaoyang/PaddleClas/configs/HRNet/HRNet_W48_C.yaml,https://paddle-imagenet-models-name.bj.bcebos.com/dygraph/HRNet_W48_C_pretrained.pdparams",infer accuracy pass,210.87,105.08,40.71,34.64
"/home/build/huzhaoyang/PaddleClas/docs/zh_CN/models/models_intro.md,/home/build/huzhaoyang/PaddleClas/configs/HRNet/HRNet_W64_C.yaml,https://paddle-imagenet-models-name.bj.bcebos.com/dygraph/HRNet_W64_C_pretrained.pdparams",infer accuracy pass,323.09,197.22,50.87,47.99
"/home/build/huzhaoyang/PaddleClas/docs/zh_CN/models/models_intro.md,/home/build/huzhaoyang/PaddleClas/configs/Inception/GoogLeNet.yaml,https://paddle-imagenet-models-name.bj.bcebos.com/dygraph/GoogLeNet_pretrained.pdparams",infer accuracy pass,38.77,12.42,7.83,4.86
"/home/build/huzhaoyang/PaddleClas/docs/zh_CN/models/models_intro.md,/home/build/huzhaoyang/PaddleClas/configs/Inception/InceptionV3.yaml,https://paddle-imagenet-models-name.bj.bcebos.com/dygraph/InceptionV3_pretrained.pdparams",infer accuracy pass,66.50,29.02,19.08,11.39
"/home/build/huzhaoyang/PaddleClas/docs/zh_CN/models/models_intro.md,/home/build/huzhaoyang/PaddleClas/configs/Inception/InceptionV4.yaml,https://paddle-imagenet-models-name.bj.bcebos.com/dygraph/InceptionV4_pretrained.pdparams",infer accuracy pass,114.00,58.47,24.43,20.92
"/home/build/huzhaoyang/PaddleClas/docs/zh_CN/models/models_intro.md,/home/build/huzhaoyang/PaddleClas/configs/MobileNetV1/MobileNetV1.yaml,https://paddle-imagenet-models-name.bj.bcebos.com/dygraph/MobileNetV1_pretrained.pdparams",infer accuracy pass,16.87,5.65,13.25,3.02
"/home/build/huzhaoyang/PaddleClas/docs/zh_CN/models/models_intro.md,/home/build/huzhaoyang/PaddleClas/configs/MobileNetV1/MobileNetV1_x0_25.yaml,https://paddle-imagenet-models-name.bj.bcebos.com/dygraph/MobileNetV1_x0_25_pretrained.pdparams",infer accuracy pass,9.36,1.78,3.97,1.25
"/home/build/huzhaoyang/PaddleClas/docs/zh_CN/models/models_intro.md,/home/build/huzhaoyang/PaddleClas/configs/MobileNetV1/MobileNetV1_x0_5.yaml,https://paddle-imagenet-models-name.bj.bcebos.com/dygraph/MobileNetV1_x0_5_pretrained.pdparams",infer accuracy pass,11.87,3.13,4.44,1.68
"/home/build/huzhaoyang/PaddleClas/docs/zh_CN/models/models_intro.md,/home/build/huzhaoyang/PaddleClas/configs/MobileNetV1/MobileNetV1_x0_75.yaml,https://paddle-imagenet-models-name.bj.bcebos.com/dygraph/MobileNetV1_x0_75_pretrained.pdparams",infer accuracy pass,14.90,4.54,5.24,2.34
"/home/build/huzhaoyang/PaddleClas/docs/zh_CN/models/models_intro.md,/home/build/huzhaoyang/PaddleClas/configs/MobileNetV2/MobileNetV2.yaml,https://paddle-imagenet-models-name.bj.bcebos.com/dygraph/MobileNetV2_pretrained.pdparams",infer accuracy pass,20.67,5.60,11.50,3.09
"/home/build/huzhaoyang/PaddleClas/docs/zh_CN/models/models_intro.md,/home/build/huzhaoyang/PaddleClas/configs/MobileNetV2/MobileNetV2_x0_25.yaml,https://paddle-imagenet-models-name.bj.bcebos.com/dygraph/MobileNetV2_x0_25_pretrained.pdparams",infer accuracy pass,16.16,2.65,5.49,2.06
"/home/build/huzhaoyang/PaddleClas/docs/zh_CN/models/models_intro.md,/home/build/huzhaoyang/PaddleClas/configs/MobileNetV2/MobileNetV2_x0_5.yaml,https://paddle-imagenet-models-name.bj.bcebos.com/dygraph/MobileNetV2_x0_5_pretrained.pdparams",infer accuracy pass,19.32,3.97,5.52,2.40
"/home/build/huzhaoyang/PaddleClas/docs/zh_CN/models/models_intro.md,/home/build/huzhaoyang/PaddleClas/configs/MobileNetV2/MobileNetV2_x0_75.yaml,https://paddle-imagenet-models-name.bj.bcebos.com/dygraph/MobileNetV2_x0_75_pretrained.pdparams",infer accuracy pass,19.57,4.70,6.23,2.62
"/home/build/huzhaoyang/PaddleClas/docs/zh_CN/models/models_intro.md,/home/build/huzhaoyang/PaddleClas/configs/MobileNetV2/MobileNetV2_x1_5.yaml,https://paddle-imagenet-models-name.bj.bcebos.com/dygraph/MobileNetV2_x1_5_pretrained.pdparams",infer accuracy pass,27.16,8.54,10.51,4.83
"/home/build/huzhaoyang/PaddleClas/docs/zh_CN/models/models_intro.md,/home/build/huzhaoyang/PaddleClas/configs/MobileNetV2/MobileNetV2_x2_0.yaml,https://paddle-imagenet-models-name.bj.bcebos.com/dygraph/MobileNetV2_x2_0_pretrained.pdparams",infer accuracy pass,35.55,15.29,23.39,6.17
"/home/build/huzhaoyang/PaddleClas/docs/zh_CN/models/models_intro.md,/home/build/huzhaoyang/PaddleClas/configs/MobileNetV3/MobileNetV3_large_x0_35.yaml,https://paddle-imagenet-models-name.bj.bcebos.com/dygraph/MobileNetV3_large_x0_35_pretrained.pdparams",infer accuracy pass,33.60,8.42,6.55,2.85
"/home/build/huzhaoyang/PaddleClas/docs/zh_CN/models/models_intro.md,/home/build/huzhaoyang/PaddleClas/configs/MobileNetV3/MobileNetV3_large_x0_5.yaml,https://paddle-imagenet-models-name.bj.bcebos.com/dygraph/MobileNetV3_large_x0_5_pretrained.pdparams",infer accuracy pass,33.57,10.52,9.77,2.94
"/home/build/huzhaoyang/PaddleClas/docs/zh_CN/models/models_intro.md,/home/build/huzhaoyang/PaddleClas/configs/MobileNetV3/MobileNetV3_large_x0_75.yaml,https://paddle-imagenet-models-name.bj.bcebos.com/dygraph/MobileNetV3_large_x0_75_pretrained.pdparams",infer accuracy pass,45.99,16.92,7.25,3.40
"/home/build/huzhaoyang/PaddleClas/docs/zh_CN/models/models_intro.md,/home/build/huzhaoyang/PaddleClas/configs/MobileNetV3/MobileNetV3_large_x1_0.yaml,https://paddle-imagenet-models-name.bj.bcebos.com/dygraph/MobileNetV3_large_x1_0_pretrained.pdparams",infer accuracy pass,43.90,18.51,10.31,3.63
"/home/build/huzhaoyang/PaddleClas/docs/zh_CN/models/models_intro.md,/home/build/huzhaoyang/PaddleClas/configs/MobileNetV3/MobileNetV3_large_x1_25.yaml,https://paddle-imagenet-models-name.bj.bcebos.com/dygraph/MobileNetV3_large_x1_25_pretrained.pdparams",infer accuracy pass,48.27,24.04,8.40,4.58
"/home/build/huzhaoyang/PaddleClas/docs/zh_CN/models/models_intro.md,/home/build/huzhaoyang/PaddleClas/configs/MobileNetV3/MobileNetV3_small_x0_35.yaml,https://paddle-imagenet-models-name.bj.bcebos.com/dygraph/MobileNetV3_small_x0_35_pretrained.pdparams",openvino infered success,24.07,5.25,5.46,2.35
"/home/build/huzhaoyang/PaddleClas/docs/zh_CN/models/models_intro.md,/home/build/huzhaoyang/PaddleClas/configs/MobileNetV3/MobileNetV3_small_x0_5.yaml,https://paddle-imagenet-models-name.bj.bcebos.com/dygraph/MobileNetV3_small_x0_5_pretrained.pdparams",infer accuracy pass,27.55,5.97,5.37,2.43
"/home/build/huzhaoyang/PaddleClas/docs/zh_CN/models/models_intro.md,/home/build/huzhaoyang/PaddleClas/configs/MobileNetV3/MobileNetV3_small_x0_75.yaml,https://paddle-imagenet-models-name.bj.bcebos.com/dygraph/MobileNetV3_small_x0_75_pretrained.pdparams",infer accuracy pass,28.12,8.25,6.07,3.14
"/home/build/huzhaoyang/PaddleClas/docs/zh_CN/models/models_intro.md,/home/build/huzhaoyang/PaddleClas/configs/MobileNetV3/MobileNetV3_small_x1_0.yaml,https://paddle-imagenet-models-name.bj.bcebos.com/dygraph/MobileNetV3_small_x1_0_pretrained.pdparams",infer accuracy pass,29.98,11.15,10.54,3.12
"/home/build/huzhaoyang/PaddleClas/docs/zh_CN/models/models_intro.md,/home/build/huzhaoyang/PaddleClas/configs/MobileNetV3/MobileNetV3_small_x1_25.yaml,https://paddle-imagenet-models-name.bj.bcebos.com/dygraph/MobileNetV3_small_x1_25_pretrained.pdparams",infer accuracy pass,31.43,12.20,7.70,3.47
"/home/build/huzhaoyang/PaddleClas/docs/zh_CN/models/models_intro.md,/home/build/huzhaoyang/PaddleClas/configs/RegNet/RegNetX_4GF.yaml,https://paddle-imagenet-models-name.bj.bcebos.com/dygraph/RegNetX_4GF_pretrained.pdparams",infer accuracy pass,71.22,38.25,21.95,14.92
"/home/build/huzhaoyang/PaddleClas/docs/zh_CN/models/models_intro.md,/home/build/huzhaoyang/PaddleClas/configs/Res2Net/Res2Net101_vd_26w_4s.yaml,https://paddle-imagenet-models-name.bj.bcebos.com/dygraph/Res2Net101_vd_26w_4s_pretrained.pdparams",infer accuracy pass,207.51,109.16,260.40,242.45
"/home/build/huzhaoyang/PaddleClas/docs/zh_CN/models/models_intro.md,/home/build/huzhaoyang/PaddleClas/configs/Res2Net/Res2Net200_vd_26w_4s.yaml,https://paddle-imagenet-models-name.bj.bcebos.com/dygraph/Res2Net200_vd_26w_4s_pretrained.pdparams",infer accuracy pass,424.40,251.28,593.07,578.04
"/home/build/huzhaoyang/PaddleClas/docs/zh_CN/models/models_intro.md,/home/build/huzhaoyang/PaddleClas/configs/Res2Net/Res2Net50_14w_8s.yaml,https://paddle-imagenet-models-name.bj.bcebos.com/dygraph/Res2Net50_14w_8s_pretrained.pdparams",infer accuracy pass,201.52,89.55,112.28,100.41
"/home/build/huzhaoyang/PaddleClas/docs/zh_CN/models/models_intro.md,/home/build/huzhaoyang/PaddleClas/configs/Res2Net/Res2Net50_26w_4s.yaml,https://paddle-imagenet-models-name.bj.bcebos.com/dygraph/Res2Net50_26w_4s_pretrained.pdparams",infer accuracy pass,112.31,67.92,76.63,66.26
"/home/build/huzhaoyang/PaddleClas/docs/zh_CN/models/models_intro.md,/home/build/huzhaoyang/PaddleClas/configs/Res2Net/Res2Net50_vd_26w_4s.yaml,https://paddle-imagenet-models-name.bj.bcebos.com/dygraph/Res2Net50_vd_26w_4s_pretrained.pdparams",infer accuracy pass,113.74,70.30,77.35,73.53
"/home/build/huzhaoyang/PaddleClas/docs/zh_CN/models/models_intro.md,/home/build/huzhaoyang/PaddleClas/configs/ResNeSt/ResNeSt50.yaml,https://paddle-imagenet-models-name.bj.bcebos.com/dygraph/ResNeSt50_pretrained.pdparams",op mapper failed,113.97,51.56,NONE,NONE
"/home/build/huzhaoyang/PaddleClas/docs/zh_CN/models/models_intro.md,/home/build/huzhaoyang/PaddleClas/configs/ResNeSt/ResNeSt50_fast_1s1x64d.yaml,https://paddle-imagenet-models-name.bj.bcebos.com/dygraph/ResNeSt50_fast_1s1x64d_pretrained.pdparams",infer accuracy pass,69.38,39.86,20.45,15.46
"/home/build/huzhaoyang/PaddleClas/docs/zh_CN/models/models_intro.md,/home/build/huzhaoyang/PaddleClas/configs/ResNeXt/ResNeXt101_32x4d.yaml,https://paddle-imagenet-models-name.bj.bcebos.com/dygraph/ResNeXt101_32x4d_pretrained.pdparams",infer accuracy pass,112.65,74.04,71.66,32.57
"/home/build/huzhaoyang/PaddleClas/docs/zh_CN/models/models_intro.md,/home/build/huzhaoyang/PaddleClas/configs/ResNeXt/ResNeXt101_64x4d.yaml,https://paddle-imagenet-models-name.bj.bcebos.com/dygraph/ResNeXt101_64x4d_pretrained.pdparams",infer accuracy pass,185.03,103.98,102.74,61.18
"/home/build/huzhaoyang/PaddleClas/docs/zh_CN/models/models_intro.md,/home/build/huzhaoyang/PaddleClas/configs/ResNeXt/ResNeXt101_vd_32x4d.yaml,https://paddle-imagenet-models-name.bj.bcebos.com/dygraph/ResNeXt101_vd_32x4d_pretrained.pdparams",infer accuracy pass,93.55,62.38,209.65,174.41
"/home/build/huzhaoyang/PaddleClas/docs/zh_CN/models/models_intro.md,/home/build/huzhaoyang/PaddleClas/configs/ResNeXt/ResNeXt101_vd_64x4d.yaml,https://paddle-imagenet-models-name.bj.bcebos.com/dygraph/ResNeXt101_vd_64x4d_pretrained.pdparams",infer accuracy pass,177.39,104.75,360.31,302.62
"/home/build/huzhaoyang/PaddleClas/docs/zh_CN/models/models_intro.md,/home/build/huzhaoyang/PaddleClas/configs/ResNeXt/ResNeXt152_32x4d.yaml,https://paddle-imagenet-models-name.bj.bcebos.com/dygraph/ResNeXt152_32x4d_pretrained.pdparams",infer accuracy pass,148.38,88.84,82.35,46.67
"/home/build/huzhaoyang/PaddleClas/docs/zh_CN/models/models_intro.md,/home/build/huzhaoyang/PaddleClas/configs/ResNeXt/ResNeXt152_64x4d.yaml,https://paddle-imagenet-models-name.bj.bcebos.com/dygraph/ResNeXt152_64x4d_pretrained.pdparams",infer accuracy pass,248.31,162.24,127.22,83.20
"/home/build/huzhaoyang/PaddleClas/docs/zh_CN/models/models_intro.md,/home/build/huzhaoyang/PaddleClas/configs/ResNeXt/ResNeXt152_vd_32x4d.yaml,https://paddle-imagenet-models-name.bj.bcebos.com/dygraph/ResNeXt152_vd_32x4d_pretrained.pdparams",infer accuracy pass,173.53,83.95,320.41,266.86
"/home/build/huzhaoyang/PaddleClas/docs/zh_CN/models/models_intro.md,/home/build/huzhaoyang/PaddleClas/configs/ResNeXt/ResNeXt152_vd_64x4d.yaml,https://paddle-imagenet-models-name.bj.bcebos.com/dygraph/ResNeXt152_vd_64x4d_pretrained.pdparams",infer accuracy pass,283.17,152.28,654.42,595.58
"/home/build/huzhaoyang/PaddleClas/docs/zh_CN/models/models_intro.md,/home/build/huzhaoyang/PaddleClas/configs/ResNeXt/ResNeXt50_32x4d.yaml,https://paddle-imagenet-models-name.bj.bcebos.com/dygraph/ResNeXt50_32x4d_pretrained.pdparams",infer accuracy pass,69.88,47.28,55.46,19.96
"/home/build/huzhaoyang/PaddleClas/docs/zh_CN/models/models_intro.md,/home/build/huzhaoyang/PaddleClas/configs/ResNeXt/ResNeXt50_64x4d.yaml,https://paddle-imagenet-models-name.bj.bcebos.com/dygraph/ResNeXt50_64x4d_pretrained.pdparams",infer accuracy pass,101.17,66.39,71.27,33.73
"/home/build/huzhaoyang/PaddleClas/docs/zh_CN/models/models_intro.md,/home/build/huzhaoyang/PaddleClas/configs/ResNeXt/ResNeXt50_vd_32x4d.yaml,https://paddle-imagenet-models-name.bj.bcebos.com/dygraph/ResNeXt50_vd_32x4d_pretrained.pdparams",infer accuracy pass,64.48,43.16,77.51,47.15
"/home/build/huzhaoyang/PaddleClas/docs/zh_CN/models/models_intro.md,/home/build/huzhaoyang/PaddleClas/configs/ResNeXt/ResNeXt50_vd_64x4d.yaml,https://paddle-imagenet-models-name.bj.bcebos.com/dygraph/ResNeXt50_vd_64x4d_pretrained.pdparams",infer accuracy pass,103.83,66.47,168.80,134.29
"/home/build/huzhaoyang/PaddleClas/docs/zh_CN/models/models_intro.md,/home/build/huzhaoyang/PaddleClas/configs/ResNeXt101_wsl/ResNeXt101_32x8d_wsl.yaml,https://paddle-imagenet-models-name.bj.bcebos.com/dygraph/ResNeXt101_32x8d_wsl_pretrained.pdparams",infer accuracy pass,183.35,101.45,68.30,62.39
"/home/build/huzhaoyang/PaddleClas/docs/zh_CN/models/models_intro.md,/home/build/huzhaoyang/PaddleClas/configs/ResNet/ResNet101.yaml,https://paddle-imagenet-models-name.bj.bcebos.com/dygraph/ResNet101_pretrained.pdparams",infer accuracy pass,100.98,60.07,29.36,23.59
"/home/build/huzhaoyang/PaddleClas/docs/zh_CN/models/models_intro.md,/home/build/huzhaoyang/PaddleClas/configs/ResNet/ResNet101_vd.yaml,https://paddle-imagenet-models-name.bj.bcebos.com/dygraph/ResNet101_vd_pretrained.pdparams",infer accuracy pass,100.54,63.00,87.81,81.35
"/home/build/huzhaoyang/PaddleClas/docs/zh_CN/models/models_intro.md,/home/build/huzhaoyang/PaddleClas/configs/ResNet/ResNet152.yaml,https://paddle-imagenet-models-name.bj.bcebos.com/dygraph/ResNet152_pretrained.pdparams",infer accuracy pass,147.54,87.09,38.12,33.36
"/home/build/huzhaoyang/PaddleClas/docs/zh_CN/models/models_intro.md,/home/build/huzhaoyang/PaddleClas/configs/ResNet/ResNet152_vd.yaml,https://paddle-imagenet-models-name.bj.bcebos.com/dygraph/ResNet152_vd_pretrained.pdparams",infer accuracy pass,138.65,77.34,80.68,77.20
"/home/build/huzhaoyang/PaddleClas/docs/zh_CN/models/models_intro.md,/home/build/huzhaoyang/PaddleClas/configs/ResNet/ResNet18.yaml,https://paddle-imagenet-models-name.bj.bcebos.com/dygraph/ResNet18_pretrained.pdparams",infer accuracy pass,26.23,13.22,8.59,4.40
"/home/build/huzhaoyang/PaddleClas/docs/zh_CN/models/models_intro.md,/home/build/huzhaoyang/PaddleClas/configs/ResNet/ResNet18_vd.yaml,https://paddle-imagenet-models-name.bj.bcebos.com/dygraph/ResNet18_vd_pretrained.pdparams",infer accuracy pass,28.53,14.66,8.95,4.71
"/home/build/huzhaoyang/PaddleClas/docs/zh_CN/models/models_intro.md,/home/build/huzhaoyang/PaddleClas/configs/ResNet/ResNet200_vd.yaml,https://paddle-imagenet-models-name.bj.bcebos.com/dygraph/ResNet200_vd_pretrained.pdparams",infer accuracy pass,224.26,104.83,86.65,69.31
"/home/build/huzhaoyang/PaddleClas/docs/zh_CN/models/models_intro.md,/home/build/huzhaoyang/PaddleClas/configs/ResNet/ResNet34.yaml,https://paddle-imagenet-models-name.bj.bcebos.com/dygraph/ResNet34_pretrained.pdparams",infer accuracy pass,43.94,26.93,11.73,7.78
"/home/build/huzhaoyang/PaddleClas/docs/zh_CN/models/models_intro.md,/home/build/huzhaoyang/PaddleClas/configs/ResNet/ResNet34_vd.yaml,https://paddle-imagenet-models-name.bj.bcebos.com/dygraph/ResNet34_vd_pretrained.pdparams",infer accuracy pass,46.18,29.39,12.68,7.81
"/home/build/huzhaoyang/PaddleClas/docs/zh_CN/models/models_intro.md,/home/build/huzhaoyang/PaddleClas/configs/ResNet/ResNet50.yaml,https://paddle-imagenet-models-name.bj.bcebos.com/dygraph/ResNet50_pretrained.pdparams",infer accuracy pass,53.97,34.35,18.84,13.24
"/home/build/huzhaoyang/PaddleClas/docs/zh_CN/models/models_intro.md,/home/build/huzhaoyang/PaddleClas/configs/ResNet/ResNet50_vc.yaml,https://paddle-imagenet-models-name.bj.bcebos.com/dygraph/ResNet50_vc_pretrained.pdparams",infer accuracy pass,56.52,36.60,32.46,23.52
"/home/build/huzhaoyang/PaddleClas/docs/zh_CN/models/models_intro.md,/home/build/huzhaoyang/PaddleClas/configs/ResNet/ResNet50_vd.yaml,https://paddle-imagenet-models-name.bj.bcebos.com/dygraph/ResNet50_vd_pretrained.pdparams",infer accuracy pass,57.44,36.28,18.37,14.65
"/home/build/huzhaoyang/PaddleClas/docs/zh_CN/models/models_intro.md,/home/build/huzhaoyang/PaddleClas/configs/SENet/SENet154_vd.yaml,https://paddle-imagenet-models-name.bj.bcebos.com/dygraph/SENet154_vd_pretrained.pdparams",infer accuracy pass,689.29,475.74,617.35,564.64
"/home/build/huzhaoyang/PaddleClas/docs/zh_CN/models/models_intro.md,/home/build/huzhaoyang/PaddleClas/configs/SENet/SE_ResNeXt101_32x4d.yaml,https://paddle-imagenet-models-name.bj.bcebos.com/dygraph/SE_ResNeXt101_32x4d_pretrained.pdparams",infer accuracy pass,395.14,282.54,129.97,95.07
"/home/build/huzhaoyang/PaddleClas/docs/zh_CN/models/models_intro.md,/home/build/huzhaoyang/PaddleClas/configs/SENet/SE_ResNeXt50_32x4d.yaml,https://paddle-imagenet-models-name.bj.bcebos.com/dygraph/SE_ResNeXt50_32x4d_pretrained.pdparams",openvino infered success,226.17,170.81,50.20,23.14
"/home/build/huzhaoyang/PaddleClas/docs/zh_CN/models/models_intro.md,/home/build/huzhaoyang/PaddleClas/configs/SENet/SE_ResNeXt50_vd_32x4d.yaml,https://paddle-imagenet-models-name.bj.bcebos.com/dygraph/SE_ResNeXt50_vd_32x4d_pretrained.pdparams",infer accuracy pass,241.99,174.82,79.81,43.76
"/home/build/huzhaoyang/PaddleClas/docs/zh_CN/models/models_intro.md,/home/build/huzhaoyang/PaddleClas/configs/SENet/SE_ResNet18_vd.yaml,https://paddle-imagenet-models-name.bj.bcebos.com/dygraph/SE_ResNet18_vd_pretrained.pdparams",infer accuracy pass,55.28,39.57,9.99,5.42
"/home/build/huzhaoyang/PaddleClas/docs/zh_CN/models/models_intro.md,/home/build/huzhaoyang/PaddleClas/configs/SENet/SE_ResNet34_vd.yaml,https://paddle-imagenet-models-name.bj.bcebos.com/dygraph/SE_ResNet34_vd_pretrained.pdparams",infer accuracy pass,96.07,62.55,12.46,8.30
"/home/build/huzhaoyang/PaddleClas/docs/zh_CN/models/models_intro.md,/home/build/huzhaoyang/PaddleClas/configs/SENet/SE_ResNet50_vd.yaml,https://paddle-imagenet-models-name.bj.bcebos.com/dygraph/SE_ResNet50_vd_pretrained.pdparams",infer accuracy pass,223.51,208.53,22.67,17.49
"/home/build/huzhaoyang/PaddleClas/docs/zh_CN/models/models_intro.md,/home/build/huzhaoyang/PaddleClas/configs/ShuffleNet/ShuffleNetV2_swish.yaml,https://paddle-imagenet-models-name.bj.bcebos.com/dygraph/ShuffleNetV2_swish_pretrained.pdparams",op mapper failed,26.56,8.38,NONE,NONE
"/home/build/huzhaoyang/PaddleClas/docs/zh_CN/models/models_intro.md,/home/build/huzhaoyang/PaddleClas/configs/ShuffleNet/ShuffleNetV2_x0_25.yaml,https://paddle-imagenet-models-name.bj.bcebos.com/dygraph/ShuffleNetV2_x0_25_pretrained.pdparams",infer accuracy pass,16.88,4.61,6.68,3.97
"/home/build/huzhaoyang/PaddleClas/docs/zh_CN/models/models_intro.md,/home/build/huzhaoyang/PaddleClas/configs/ShuffleNet/ShuffleNetV2_x0_33.yaml,https://paddle-imagenet-models-name.bj.bcebos.com/dygraph/ShuffleNetV2_x0_33_pretrained.pdparams",infer accuracy pass,20.17,5.08,6.43,3.30
"/home/build/huzhaoyang/PaddleClas/docs/zh_CN/models/models_intro.md,/home/build/huzhaoyang/PaddleClas/configs/ShuffleNet/ShuffleNetV2_x0_5.yaml,https://paddle-imagenet-models-name.bj.bcebos.com/dygraph/ShuffleNetV2_x0_5_pretrained.pdparams",infer accuracy pass,21.27,5.47,5.60,3.01
"/home/build/huzhaoyang/PaddleClas/docs/zh_CN/models/models_intro.md,/home/build/huzhaoyang/PaddleClas/configs/ShuffleNet/ShuffleNetV2_x1_0.yaml,https://paddle-imagenet-models-name.bj.bcebos.com/dygraph/ShuffleNetV2_x1_0_pretrained.pdparams",infer accuracy pass,25.36,7.84,6.71,4.10
"/home/build/huzhaoyang/PaddleClas/docs/zh_CN/models/models_intro.md,/home/build/huzhaoyang/PaddleClas/configs/ShuffleNet/ShuffleNetV2_x1_5.yaml,https://paddle-imagenet-models-name.bj.bcebos.com/dygraph/ShuffleNetV2_x1_5_pretrained.pdparams",infer accuracy pass,36.87,10.49,20.32,4.15
"/home/build/huzhaoyang/PaddleClas/docs/zh_CN/models/models_intro.md,/home/build/huzhaoyang/PaddleClas/configs/ShuffleNet/ShuffleNetV2_x2_0.yaml,https://paddle-imagenet-models-name.bj.bcebos.com/dygraph/ShuffleNetV2_x2_0_pretrained.pdparams",infer accuracy pass,48.43,14.79,10.17,5.71
"/home/build/huzhaoyang/PaddleClas/docs/zh_CN/models/models_intro.md,/home/build/huzhaoyang/PaddleClas/configs/SqueezeNet/SqueezeNet1_0.yaml,https://paddle-imagenet-models-name.bj.bcebos.com/dygraph/SqueezeNet1_0_pretrained.pdparams",infer accuracy pass,21.13,6.76,4.05,3.09
"/home/build/huzhaoyang/PaddleClas/docs/zh_CN/models/models_intro.md,/home/build/huzhaoyang/PaddleClas/configs/SqueezeNet/SqueezeNet1_1.yaml,https://paddle-imagenet-models-name.bj.bcebos.com/dygraph/SqueezeNet1_1_pretrained.pdparams",infer accuracy pass,18.86,4.64,3.11,2.34
"/home/build/huzhaoyang/PaddleClas/docs/zh_CN/models/models_intro.md,/home/build/huzhaoyang/PaddleClas/configs/VGG/VGG11.yaml,https://paddle-imagenet-models-name.bj.bcebos.com/dygraph/VGG11_pretrained.pdparams",infer accuracy pass,82.49,58.02,27.10,17.77
"/home/build/huzhaoyang/PaddleClas/docs/zh_CN/models/models_intro.md,/home/build/huzhaoyang/PaddleClas/configs/VGG/VGG13.yaml,https://paddle-imagenet-models-name.bj.bcebos.com/dygraph/VGG13_pretrained.pdparams",infer accuracy pass,97.59,75.98,33.30,21.90
"/home/build/huzhaoyang/PaddleClas/docs/zh_CN/models/models_intro.md,/home/build/huzhaoyang/PaddleClas/configs/VGG/VGG16.yaml,https://paddle-imagenet-models-name.bj.bcebos.com/dygraph/VGG16_pretrained.pdparams",infer accuracy pass,124.37,87.95,37.63,25.09
"/home/build/huzhaoyang/PaddleClas/docs/zh_CN/models/models_intro.md,/home/build/huzhaoyang/PaddleClas/configs/VGG/VGG19.yaml,https://paddle-imagenet-models-name.bj.bcebos.com/dygraph/VGG19_pretrained.pdparams",infer accuracy pass,145.44,104.74,41.77,29.29
"/home/build/huzhaoyang/PaddleClas/docs/zh_CN/models/models_intro.md,/home/build/huzhaoyang/PaddleClas/configs/Xception/Xception41.yaml,https://paddle-imagenet-models-name.bj.bcebos.com/dygraph/Xception41_pretrained.pdparams",infer accuracy pass,70.28,42.26,26.97,21.08
"/home/build/huzhaoyang/PaddleClas/docs/zh_CN/models/models_intro.md,/home/build/huzhaoyang/PaddleClas/configs/Xception/Xception41_deeplab.yaml,https://paddle-imagenet-models-name.bj.bcebos.com/dygraph/Xception41_deeplab_pretrained.pdparams",infer accuracy pass,88.12,43.32,29.68,24.15
"/home/build/huzhaoyang/PaddleClas/docs/zh_CN/models/models_intro.md,/home/build/huzhaoyang/PaddleClas/configs/Xception/Xception65.yaml,https://paddle-imagenet-models-name.bj.bcebos.com/dygraph/Xception65_pretrained.pdparams",infer accuracy pass,115.53,60.54,69.61,68.48
"/home/build/huzhaoyang/PaddleClas/docs/zh_CN/models/models_intro.md,/home/build/huzhaoyang/PaddleClas/configs/Xception/Xception65_deeplab.yaml,https://paddle-imagenet-models-name.bj.bcebos.com/dygraph/Xception65_deeplab_pretrained.pdparams",infer accuracy pass,122.57,59.37,37.22,32.43
"/home/build/huzhaoyang/PaddleClas/docs/zh_CN/models/models_intro.md,/home/build/huzhaoyang/PaddleClas/configs/Xception/Xception71.yaml,https://paddle-imagenet-models-name.bj.bcebos.com/dygraph/Xception71_pretrained.pdparams",infer accuracy pass,121.07,65.91,75.37,68.54
"/home/build/huzhaoyang/PaddleClas/docs/zh_CN/models/models_intro.md,/home/build/huzhaoyang/PaddleClas/configs/quick_start/ResNet50_vd.yaml,https://paddle-imagenet-models-name.bj.bcebos.com/dygraph/ResNet50_vd_pretrained.pdparams",infer accuracy pass,56.31,36.07,20.22,14.93
"/home/build/huzhaoyang/PaddleClas/docs/zh_CN/models/models_intro.md,/home/build/huzhaoyang/PaddleClas/configs/quick_start/new_user/ShuffleNetV2_x0_25.yaml,https://paddle-imagenet-models-name.bj.bcebos.com/dygraph/ShuffleNetV2_x0_25_pretrained.pdparams",infer accuracy pass,13.75,4.67,6.97,3.96
"None,/home/build/huzhaoyang/PaddleClas/.pre-commit-config.yaml,None",op mapper failed,NONE,NONE,NONE,NONE
"None,/home/build/huzhaoyang/PaddleClas/configs/DataAugment/ResNet50_AutoAugment.yaml,None",op mapper failed,NONE,NONE,NONE,NONE
"None,/home/build/huzhaoyang/PaddleClas/configs/DataAugment/ResNet50_Baseline.yaml,None",op mapper failed,NONE,NONE,NONE,NONE
"None,/home/build/huzhaoyang/PaddleClas/configs/DataAugment/ResNet50_Cutmix.yaml,None",op mapper failed,NONE,NONE,NONE,NONE
"None,/home/build/huzhaoyang/PaddleClas/configs/DataAugment/ResNet50_Cutout.yaml,None",op mapper failed,NONE,NONE,NONE,NONE
"None,/home/build/huzhaoyang/PaddleClas/configs/DataAugment/ResNet50_GridMask.yaml,None",op mapper failed,NONE,NONE,NONE,NONE
"None,/home/build/huzhaoyang/PaddleClas/configs/DataAugment/ResNet50_HideAndSeek.yaml,None",op mapper failed,NONE,NONE,NONE,NONE
"None,/home/build/huzhaoyang/PaddleClas/configs/DataAugment/ResNet50_Mixup.yaml,None",op mapper failed,NONE,NONE,NONE,NONE
"None,/home/build/huzhaoyang/PaddleClas/configs/DataAugment/ResNet50_RandAugment.yaml,None",op mapper failed,NONE,NONE,NONE,NONE
"None,/home/build/huzhaoyang/PaddleClas/configs/DataAugment/ResNet50_RandomErasing.yaml,None",op mapper failed,NONE,NONE,NONE,NONE
"None,/home/build/huzhaoyang/PaddleClas/configs/Distillation/R50_vd_distill_MV3_large_x1_0.yaml,None",op mapper failed,NONE,NONE,NONE,NONE
"None,/home/build/huzhaoyang/PaddleClas/configs/Distillation/ResX101_32x16d_wsl_distill_R50_vd.yaml,None",op mapper failed,NONE,NONE,NONE,NONE
"None,/home/build/huzhaoyang/PaddleClas/configs/RepVGG/RepVGG_B2g2.yaml,None",op mapper failed,NONE,NONE,NONE,NONE
"None,/home/build/huzhaoyang/PaddleClas/configs/RepVGG/RepVGG_B3.yaml,None",op mapper failed,NONE,NONE,NONE,NONE
"None,/home/build/huzhaoyang/PaddleClas/configs/RepVGG/RepVGG_B3g2.yaml,None",op mapper failed,NONE,NONE,NONE,NONE
"None,/home/build/huzhaoyang/PaddleClas/configs/ResNeSt/ResNeSt101.yaml,None",op mapper failed,NONE,NONE,NONE,NONE
"None,/home/build/huzhaoyang/PaddleClas/configs/ResNeXt/ResNeXt101_32x4d_fp16.yaml,None",op mapper failed,NONE,NONE,NONE,NONE
"None,/home/build/huzhaoyang/PaddleClas/configs/ResNet/ResNet50_fp16.yaml,None",op mapper failed,NONE,NONE,NONE,NONE
"None,/home/build/huzhaoyang/PaddleClas/configs/VisionTransformer/ViT_huge_patch16_224.yaml,None",op mapper failed,NONE,NONE,NONE,NONE
"None,/home/build/huzhaoyang/PaddleClas/configs/VisionTransformer/ViT_huge_patch32_384.yaml,None",op mapper failed,NONE,NONE,NONE,NONE
"None,/home/build/huzhaoyang/PaddleClas/configs/eval.yaml,None",op mapper failed,NONE,NONE,NONE,NONE
"None,/home/build/huzhaoyang/PaddleClas/configs/quick_start/HRNet_W18_C_finetune_kunlun.yaml,None",op mapper failed,NONE,NONE,NONE,NONE
"None,/home/build/huzhaoyang/PaddleClas/configs/quick_start/MobileNetV3_large_x1_0_finetune.yaml,None",op mapper failed,NONE,NONE,NONE,NONE
"None,/home/build/huzhaoyang/PaddleClas/configs/quick_start/R50_vd_distill_MV3_large_x1_0.yaml,None",op mapper failed,NONE,NONE,NONE,NONE
"None,/home/build/huzhaoyang/PaddleClas/configs/quick_start/ResNet50_vd_finetune.yaml,None",op mapper failed,NONE,NONE,NONE,NONE
"None,/home/build/huzhaoyang/PaddleClas/configs/quick_start/ResNet50_vd_finetune_kunlun.yaml,None",op mapper failed,NONE,NONE,NONE,NONE
"None,/home/build/huzhaoyang/PaddleClas/configs/quick_start/ResNet50_vd_multilabel.yaml,None",op mapper failed,NONE,NONE,NONE,NONE
"None,/home/build/huzhaoyang/PaddleClas/configs/quick_start/ResNet50_vd_ssld_finetune.yaml,None",op mapper failed,NONE,NONE,NONE,NONE
"None,/home/build/huzhaoyang/PaddleClas/configs/quick_start/ResNet50_vd_ssld_random_erasing_finetune.yaml,None",op mapper failed,NONE,NONE,NONE,NONE
"None,/home/build/huzhaoyang/PaddleClas/configs/quick_start/VGG16_finetune_kunlun.yaml,None",op mapper failed,NONE,NONE,NONE,NONE
"None,/home/build/huzhaoyang/PaddleClas/configs/quick_start/VGG19_finetune_kunlun.yaml,None",op mapper failed,NONE,NONE,NONE,NONE
"None,/home/build/huzhaoyang/PaddleClas/configs/quick_start/professional/MobileNetV3_large_x1_0_CIFAR100_finetune.yaml,None",op mapper failed,NONE,NONE,NONE,NONE
"None,/home/build/huzhaoyang/PaddleClas/configs/quick_start/professional/R50_vd_distill_MV3_large_x1_0_CIFAR100.yaml,None",op mapper failed,NONE,NONE,NONE,NONE
"None,/home/build/huzhaoyang/PaddleClas/configs/quick_start/professional/ResNet50_vd_CIFAR100.yaml,None",op mapper failed,NONE,NONE,NONE,NONE
"None,/home/build/huzhaoyang/PaddleClas/configs/quick_start/professional/ResNet50_vd_CIFAR100_finetune.yaml,None",op mapper failed,NONE,NONE,NONE,NONE
"None,/home/build/huzhaoyang/PaddleClas/configs/quick_start/professional/ResNet50_vd_mixup_CIFAR100_finetune.yaml,None",op mapper failed,NONE,NONE,NONE,NONE
"None,/home/build/huzhaoyang/PaddleClas/configs/quick_start/professional/ResNet50_vd_ssld_CIFAR100_finetune.yaml,None",op mapper failed,NONE,NONE,NONE,NONE
